{
  "omega_squared": [
    4.2767493251031565,
    2.8592547846854677,
    1.7560334926849557,
    1.1522730195582689,
    0.8913636622054976,
    0.7854364736388552,
    0.5209890320152216,
    0.33032226866142234,
    0.012272699272109873,
    0.30052813042876836,
    0.8820455852692402,
    1.3032987399996077,
    1.8212895987645439,
    2.4385287037567007,
    3.028012552219347,
    3.73929543098077,
    4.3661149223703815,
    5.037727448029935,
    5.681720610478353,
    6.878455379719421,
    8.010788752297001,
    8.83509910096731,
    10.17940549329583,
    11.067022399451862,
    12.040239545586246,
    13.412614567394368,
    15.157880990392673,
    15.818268752713104,
    16.18442973999888,
    17.470097805380373,
    19.523283187223754,
    21.540916668679603,
    23.514860195381466,
    24.214632090613915,
    26.373587003949215,
    26.989435712345447,
    30.456915442689656,
    31.065946683970367,
    32.77685906384894,
    34.99669496375439,
    36.37645442832628,
    38.572402622400894,
    41.2255866486703,
    43.04526503238157,
    43.46214536273385,
    46.405939579231635,
    49.543130544493536,
    51.49843245606964,
    51.70088508293618,
    55.460656175232415
  ],
  "entropy_density": {
    "mean": 0.00021004903177595225,
    "variance": 0.0003117008664174941,
    "integrated": 0.10754510426928755
  },
  "energy_density": {
    "max": -4.337119795348005,
    "integrated": -86.7423959069601
  },
  "curvature_profile": {
    "min": -0.14614581640636304,
    "max": -0.01846110869980924,
    "mean": -0.08222302062183544
  },
  "particle_creation_spectrum": [
    18.290584789770303,
    8.17533792374674,
    3.083653627431324,
    1.3277331116019306,
    0.7945291783003964,
    0.61691045412224,
    0.2714295714801576,
    0.10911280117362887,
    0.0001506191474236462,
    0.0903171571790108,
    0.7780044144929564,
    1.698587605684565,
    3.317095802567913,
    5.946422239045335,
    9.168860016397923,
    13.982330320153663,
    19.062959515345323,
    25.378697840634203,
    32.28194909553451,
    47.313148410791044,
    64.17273643392815,
    78.05897612391338,
    103.62029619694133,
    122.47898478996923,
    144.9673683150989,
    179.8982295334796,
    229.76135611890757,
    250.21762633305977,
    261.93576600896023,
    305.20431732955615,
    381.1585864085337,
    464.0110909269988,
    552.9486500083357,
    586.3484072837892,
    695.5660914548789,
    728.4296400708278,
    927.6236982831476,
    965.0930433712895,
    1074.3224900914163,
    1224.768658386072,
    1323.2464367760983,
    1487.8302440645994,
    1699.548994527023,
    1852.8948417079716,
    1888.9580795314075,
    2153.511228231297,
    2454.5217841487283,
    2652.0885454323666,
    2672.981518358973,
    3075.8843833873457
  ],
  "fidelity_error": 0.0,
  "einstein_residual": {
    "l2": 2463.9561063153474,
    "max": 108.98524838573346
  },
  "simulation_metadata": {
    "mode": "production_qm",
    "lambda_cfg": {
      "lam": 1.224744871391589,
      "z_min": -10.0,
      "z_max": 10.0,
      "num_z": 512,
      "mu": 0.5,
      "xi": 0.1,
      "m_theta": 0,
      "k_eig": 50
    },
    "ramp": {
      "type": "cos",
      "ramp_time": 6.5,
      "n_steps": 350,
      "dt": 0.035,
      "method": "leapfrog",
      "k_eig": 50,
      "basis_variant": null
    },
    "seed": 9021,
    "publishable": true,
    "backends": {
      "qm": "deterministic-qm",
      "docking": "deterministic-docking",
      "md": "deterministic-md",
      "admet": "deterministic-admet"
    },
    "run_config_path": "/workspace/quantum/outputs/1CA2_quantum_results/run_config.json"
  }
}