{
  "EA_minmax": [
    -59.95187925219383,
    -59.869791443673144
  ],
  "EB_minmax": [
    -59.95187925219578,
    -59.86979144367419
  ],
  "mean_max_overlap": 0.7064773001280452,
  "max_overlap": 0.9399752429425043,
  "rhoA_minmax": [
    1.0,
    1.0
  ],
  "rhoB_minmax": [
    1.0,
    1.0
  ],
  "R_A": [
    -0.08220097694658267,
    -0.08220097694658264
  ],
  "R_B": [
    -0.08220097694658267,
    -0.08220097694658263
  ]
}