{
  "iters": 7,
  "first_norm": 1.6191925216171024,
  "last_norm": 1.6182807842091065,
  "fit": {
    "A": 113330336001.12279,
    "tau": 0.270952570153967,
    "C": 1.6182807842091065,
    "r2": -1.0660408105510954e+28
  },
  "hist_norm": [
    1.6191925216171024,
    1.6177532778308685,
    1.6179775373619247,
    1.6182166528127286,
    1.6182805381520324,
    1.6182806975293056,
    1.6182807842091065
  ]
}