{
  "iters": 2,
  "first_norm": 0.9511359870872778,
  "last_norm": 0.9493656691996167,
  "fit": {
    "A": NaN,
    "tau": NaN,
    "C": NaN,
    "r2": NaN
  },
  "hist_norm": [
    0.9511359870872778,
    0.9493656691996167
  ]
}