{
  "iters": 9,
  "first_norm": 0.9511359870872778,
  "last_norm": 0.9541879245389342,
  "fit": {
    "A": 1.0000000000000056e+18,
    "tau": 1044238780379138.9,
    "C": 0.9541879245389342,
    "r2": -3.669249073290716e+41
  },
  "hist_norm": [
    0.9511359870872778,
    0.9493656691996167,
    0.9525964232446207,
    0.9538554757503708,
    0.9541831977573335,
    0.9541858485899579,
    0.9541873041704718,
    0.95418770476972,
    0.9541879245389342
  ]
}