{
  "iters": 5,
  "first_norm": 0.6344620424765491,
  "last_norm": 0.6335104275489598,
  "fit": {
    "A": 2.7709794078472902,
    "tau": 0.13955056384716527,
    "C": 0.6335104275489598,
    "r2": -12082223.323963333
  }
}