{
  "iters": 5,
  "first_norm": 1.62184194601845,
  "last_norm": 1.6224946133872258,
  "fit": {
    "A": 9.999999999999772e+17,
    "tau": 180396987942425.53,
    "C": 1.6224946133872258,
    "r2": -9.431845660638663e+42
  },
  "hist_norm": [
    1.62184194601845,
    1.6218176928586423,
    1.6224938134531564,
    1.6224944415088896,
    1.6224946133872258
  ]
}