{
  "iters": 2,
  "first_norm": 0.9524430125219373,
  "last_norm": 0.9506759649524122,
  "fit": {
    "A": NaN,
    "tau": NaN,
    "C": NaN,
    "r2": NaN
  }
}