{
  "iters": 4,
  "first_norm": 0.9511359870872778,
  "last_norm": 0.952595138486359,
  "fit": {
    "A": 9.999999999999772e+17,
    "tau": 206750523649377.88,
    "C": 0.952595138486359,
    "r2": -5.6673850166971084e+41
  },
  "hist_norm": [
    0.9511359870872778,
    0.949366613825567,
    0.9525947165709541,
    0.952595138486359
  ]
}