{
  "iters": 7,
  "first_norm": 1.6220771126594358,
  "last_norm": 1.6211566771081622,
  "fit": {
    "A": 112831832826.16608,
    "tau": 0.2708779040612708,
    "C": 1.6211566771081622,
    "r2": -9.431925465190174e+27
  },
  "hist_norm": [
    1.6220771126594358,
    1.6204710524925332,
    1.6209847212651745,
    1.6210952948579793,
    1.6211564325275027,
    1.6211565899827356,
    1.6211566771081622
  ]
}