{
  "iters": 3,
  "first_norm": 0.31555904093048454,
  "last_norm": 0.315484130237536,
  "fit": {
    "A": 120.79420726817487,
    "tau": 0.06260306467889065,
    "C": 0.315484130237536,
    "r2": -4491453954509.014
  }
}