{
  "iters": 5,
  "first_norm": 0.6344597000791491,
  "last_norm": 0.6335067667082472,
  "fit": {
    "A": 2.7651717013410133,
    "tau": 0.13954965609274003,
    "C": 0.6335067667082472,
    "r2": -11999680.286421625
  }
}