{
  "iters": 2,
  "first_norm": 0.9511789333206007,
  "last_norm": 0.9493789241092576,
  "fit": {
    "A": NaN,
    "tau": NaN,
    "C": NaN,
    "r2": NaN
  },
  "hist_norm": [
    0.9511789333206007,
    0.9493789241092576
  ]
}