{
  "iters": 7,
  "first_norm": 1.6155140316936019,
  "last_norm": 1.61457950980373,
  "fit": {
    "A": 112038986268.18163,
    "tau": 0.2707585543128386,
    "C": 1.61457950980373,
    "r2": -7.390702856334965e+27
  },
  "hist_norm": [
    1.6155140316936019,
    1.6136709098045365,
    1.6145547333526704,
    1.6145777205309533,
    1.6145792397434566,
    1.614579367839233,
    1.61457950980373
  ]
}