{
  "iters": 2,
  "first_norm": 0.3141334360517299,
  "last_norm": 0.3138932725809448,
  "fit": {
    "A": NaN,
    "tau": NaN,
    "C": NaN,
    "r2": NaN
  }
}