{
  "iters": 8,
  "first_norm": 1.6220771126594358,
  "last_norm": 1.622941700318189,
  "fit": {
    "A": 9.999999999999914e+17,
    "tau": 233801285810011.22,
    "C": 1.622941700318189,
    "r2": -8.70465698971738e+42
  },
  "hist_norm": [
    1.6220771126594358,
    1.6222405687125527,
    1.6229256227931648,
    1.6229307819334773,
    1.6229335984340578,
    1.6229413599064488,
    1.6229416269322003,
    1.622941700318189
  ]
}