{
  "lambda": 1.224744871391589,
  "alpha": 0.2027325540540821,
  "z_min": -10.0,
  "z_max": 10.0,
  "num_z": 1200,
  "covariance": {
    "w2A_min": -1.7379355754864416,
    "w2B_min": -3.738533485931746,
    "mean_overlap": 0.2756684643929786,
    "max_overlap": 0.7477482232166397,
    "num_compared": 20
  },
  "bogoliubov": {
    "rho0_minmax": [
      1.0,
      1.0
    ],
    "rhoE_minmax": [
      0.9500000430627272,
      1.05
    ],
    "R0_minmax": [
      -0.08220097694658267,
      -0.08220097694658264
    ],
    "RE_minmax": [
      -0.21041222882256244,
      0.04519150860406517
    ],
    "minmax_w2_baseline": [
      -4.077968069802081,
      34.92430994283818
    ],
    "minmax_w2_fluct": [
      -3.287029439487555,
      33.58784118025941
    ],
    "neg_w2_count_baseline": 8,
    "neg_w2_count_fluct": 7,
    "mean_max_overlap": 0.6888398796609515,
    "mean_nearest_freq_overlap": 0.38367857854087,
    "offdiag_leakage_fraction": 0.49966839556964193
  }
}